{
  "Customer Database Search": {
    "total": 0.3474530577659607,
    "decisions": 0.3339427411556244,
    "channels": 0.28001895546913147,
    "average": 0.2708747982978821,
    "metric": 0.2696703374385834,
    "measuring": 0.2674923837184906,
    "reveal": 0.26426222920417786,
    "dividing": 0.25604674220085144,
    "increase": 0.24303597211837769,
    "brand": 0.22904641926288605,
    "offers": 0.22862696647644043,
    "purchases": 0.22432903945446014,
    "calculate": 0.205839604139328,
    "behavioral": 0.20491817593574524,
    "product": 0.20103085041046143
  },
  "Organizational Information": {
    "hires": 0.5989875793457031,
    "requesting": 0.5881252288818359,
    "schedule": 0.456347793340683,
    "positive": 0.441536009311676,
    "providing": 0.4057920575141907,
    "job": 0.3243797719478607,
    "overview": 0.30310148000717163
  },
  "Internet Search": {
    "growing": 0.3656772971153259,
    "patients": 0.3600893020629883,
    "analyze": 0.35083475708961487,
    "consumers": 0.3315703868865967,
    "adopt": 0.3250456750392914,
    "commerce": 0.3024827539920807,
    "working": 0.29177701473236084,
    "reducing": 0.2908344864845276,
    "latest": 0.2760334312915802,
    "power": 0.2742224335670471,
    "rise": 0.2733370363712311,
    "environmentally": 0.26218774914741516,
    "intelligence": 0.24218237400054932,
    "presents": 0.20519398152828217,
    "artificial": 0.1986588090658188
  }
}